{"cameraMode":{"drawMode":0,"name":"Shaded","section":"Shading Mode"},"sceneLighting":true,"audioPlay":false,"sceneViewState":{"m_AlwaysRefresh":false,"showFog":true,"showSkybox":true,"showFlares":true,"showImageEffects":true,"showParticleSystems":true,"showVisualEffectGraphs":true,"m_FxEnabled":true},"in2DMode":false,"pivot":{"x":-8.95093822479248,"y":-4.3343095779418949,"z":29.433488845825197},"rotation":{"x":-0.18201079964637757,"y":-0.05395554378628731,"z":0.010002647526562214,"w":-0.9817678332328796},"size":35.53426742553711,"orthographic":false}